[{"model": "admin.logentry", "pk": 1, "fields": {"action_time": "2025-06-13T10:04:04.801Z", "user": 1, "content_type": 6, "object_id": "1", "object_repr": "Audio & Video Equipment", "action_flag": 1, "change_message": "[{\"added\": {}}]"}}, {"model": "admin.logentry", "pk": 2, "fields": {"action_time": "2025-06-13T10:04:29.918Z", "user": 1, "content_type": 6, "object_id": "2", "object_repr": "Bicycle & Accessories", "action_flag": 1, "change_message": "[{\"added\": {}}]"}}, {"model": "admin.logentry", "pk": 3, "fields": {"action_time": "2025-06-13T10:05:23.775Z", "user": 1, "content_type": 6, "object_id": "3", "object_repr": "Building Materials", "action_flag": 1, "change_message": "[{\"added\": {}}]"}}, {"model": "admin.logentry", "pk": 4, "fields": {"action_time": "2025-06-13T10:05:48.785Z", "user": 1, "content_type": 6, "object_id": "4", "object_repr": "Computer Accessories", "action_flag": 1, "change_message": "[{\"added\": {}}]"}}, {"model": "admin.logentry", "pk": 5, "fields": {"action_time": "2025-06-13T10:05:50.778Z", "user": 1, "content_type": 6, "object_id": "4", "object_repr": "Computer Accessories", "action_flag": 2, "change_message": "[]"}}, {"model": "admin.logentry", "pk": 6, "fields": {"action_time": "2025-06-13T10:06:04.886Z", "user": 1, "content_type": 6, "object_id": "5", "object_repr": "Clothing", "action_flag": 1, "change_message": "[{\"added\": {}}]"}}, {"model": "admin.logentry", "pk": 7, "fields": {"action_time": "2025-06-13T10:06:27.839Z", "user": 1, "content_type": 6, "object_id": "6", "object_repr": "Clothing Accessories", "action_flag": 1, "change_message": "[{\"added\": {}}]"}}, {"model": "admin.logentry", "pk": 8, "fields": {"action_time": "2025-06-13T10:06:39.143Z", "user": 1, "content_type": 6, "object_id": "7", "object_repr": "Furniture", "action_flag": 1, "change_message": "[{\"added\": {}}]"}}, {"model": "admin.logentry", "pk": 9, "fields": {"action_time": "2025-06-13T10:06:55.926Z", "user": 1, "content_type": 6, "object_id": "8", "object_repr": "Garden Supplies", "action_flag": 1, "change_message": "[{\"added\": {}}]"}}, {"model": "admin.logentry", "pk": 10, "fields": {"action_time": "2025-06-13T10:07:14.869Z", "user": 1, "content_type": 6, "object_id": "9", "object_repr": "Home Appliances", "action_flag": 1, "change_message": "[{\"added\": {}}]"}}, {"model": "admin.logentry", "pk": 11, "fields": {"action_time": "2025-06-13T10:07:34.662Z", "user": 1, "content_type": 6, "object_id": "10", "object_repr": "Household Chemicals", "action_flag": 1, "change_message": "[{\"added\": {}}]"}}, {"model": "admin.logentry", "pk": 12, "fields": {"action_time": "2025-06-13T10:07:55.431Z", "user": 1, "content_type": 6, "object_id": "11", "object_repr": "Laptops & Computers", "action_flag": 1, "change_message": "[{\"added\": {}}]"}}, {"model": "admin.logentry", "pk": 13, "fields": {"action_time": "2025-06-13T10:08:21.014Z", "user": 1, "content_type": 6, "object_id": "12", "object_repr": "Medical Equipment & Supplies", "action_flag": 1, "change_message": "[{\"added\": {}}]"}}, {"model": "admin.logentry", "pk": 14, "fields": {"action_time": "2025-06-13T10:08:42.503Z", "user": 1, "content_type": 6, "object_id": "13", "object_repr": "Networking Products", "action_flag": 1, "change_message": "[{\"added\": {}}]"}}, {"model": "admin.logentry", "pk": 15, "fields": {"action_time": "2025-06-13T10:08:59.951Z", "user": 1, "content_type": 6, "object_id": "14", "object_repr": "Kids Accessories", "action_flag": 1, "change_message": "[{\"added\": {}}]"}}, {"model": "admin.logentry", "pk": 16, "fields": {"action_time": "2025-06-13T10:09:20.151Z", "user": 1, "content_type": 6, "object_id": "15", "object_repr": "Plumbing & Water Systems", "action_flag": 1, "change_message": "[{\"added\": {}}]"}}, {"model": "admin.logentry", "pk": 17, "fields": {"action_time": "2025-06-13T10:09:45.878Z", "user": 1, "content_type": 6, "object_id": "16", "object_repr": "Printing Services", "action_flag": 1, "change_message": "[{\"added\": {}}]"}}, {"model": "admin.logentry", "pk": 18, "fields": {"action_time": "2025-06-13T10:10:07.311Z", "user": 1, "content_type": 6, "object_id": "17", "object_repr": "Safety Equipment & Protective Gear", "action_flag": 1, "change_message": "[{\"added\": {}}]"}}, {"model": "admin.logentry", "pk": 19, "fields": {"action_time": "2025-06-13T10:10:26.095Z", "user": 1, "content_type": 6, "object_id": "18", "object_repr": "Sports Equipment", "action_flag": 1, "change_message": "[{\"added\": {}}]"}}, {"model": "admin.logentry", "pk": 20, "fields": {"action_time": "2025-06-13T10:10:45.556Z", "user": 1, "content_type": 6, "object_id": "19", "object_repr": "Salon Equipment", "action_flag": 1, "change_message": "[{\"added\": {}}]"}}, {"model": "admin.logentry", "pk": 21, "fields": {"action_time": "2025-06-13T10:11:05.335Z", "user": 1, "content_type": 6, "object_id": "20", "object_repr": "Stationery and Office Equipment", "action_flag": 1, "change_message": "[{\"added\": {}}]"}}, {"model": "admin.logentry", "pk": 22, "fields": {"action_time": "2025-06-13T10:11:21.846Z", "user": 1, "content_type": 6, "object_id": "21", "object_repr": "Skincare", "action_flag": 1, "change_message": "[{\"added\": {}}]"}}, {"model": "admin.logentry", "pk": 23, "fields": {"action_time": "2025-06-13T10:11:41.446Z", "user": 1, "content_type": 6, "object_id": "22", "object_repr": "Tools & Accessories", "action_flag": 1, "change_message": "[{\"added\": {}}]"}}, {"model": "admin.logentry", "pk": 24, "fields": {"action_time": "2025-06-13T10:12:05.478Z", "user": 1, "content_type": 6, "object_id": "23", "object_repr": "Vehicle Parts & Accessories", "action_flag": 1, "change_message": "[{\"added\": {}}]"}}, {"model": "admin.logentry", "pk": 25, "fields": {"action_time": "2025-06-13T10:12:27.206Z", "user": 1, "content_type": 6, "object_id": "24", "object_repr": "Wedding Accessories", "action_flag": 1, "change_message": "[{\"added\": {}}]"}}, {"model": "admin.logentry", "pk": 26, "fields": {"action_time": "2025-06-13T10:12:36.214Z", "user": 1, "content_type": 6, "object_id": "5", "object_repr": "Clothing", "action_flag": 2, "change_message": "[{\"changed\": {\"fields\": [\"Slug\"]}}]"}}, {"model": "admin.logentry", "pk": 27, "fields": {"action_time": "2025-06-13T10:12:46.039Z", "user": 1, "content_type": 6, "object_id": "7", "object_repr": "Furniture", "action_flag": 2, "change_message": "[{\"changed\": {\"fields\": [\"Slug\"]}}]"}}, {"model": "admin.logentry", "pk": 28, "fields": {"action_time": "2025-06-13T10:15:00.359Z", "user": 1, "content_type": 9, "object_id": "1", "object_repr": "Fat Bike", "action_flag": 1, "change_message": "[{\"added\": {}}]"}}, {"model": "admin.logentry", "pk": 29, "fields": {"action_time": "2025-06-13T10:15:54.646Z", "user": 1, "content_type": 9, "object_id": "2", "object_repr": "Flag Stands", "action_flag": 1, "change_message": "[{\"added\": {}}]"}}, {"model": "admin.logentry", "pk": 30, "fields": {"action_time": "2025-06-13T10:16:41.718Z", "user": 1, "content_type": 9, "object_id": "3", "object_repr": "Range Rover Sports", "action_flag": 1, "change_message": "[{\"added\": {}}]"}}, {"model": "admin.logentry", "pk": 31, "fields": {"action_time": "2025-06-13T10:17:36.989Z", "user": 1, "content_type": 9, "object_id": "4", "object_repr": "Outdoor Umbrella", "action_flag": 1, "change_message": "[{\"added\": {}}]"}}, {"model": "admin.logentry", "pk": 32, "fields": {"action_time": "2025-06-13T10:18:24.915Z", "user": 1, "content_type": 9, "object_id": "3", "object_repr": "Range Rover Sport", "action_flag": 2, "change_message": "[{\"changed\": {\"fields\": [\"Name\"]}}]"}}, {"model": "admin.logentry", "pk": 33, "fields": {"action_time": "2025-06-14T08:47:59.228Z", "user": 1, "content_type": 9, "object_id": "5", "object_repr": "Rider Raincoat", "action_flag": 1, "change_message": "[{\"added\": {}}]"}}, {"model": "admin.logentry", "pk": 34, "fields": {"action_time": "2025-06-14T08:51:32.180Z", "user": 1, "content_type": 9, "object_id": "5", "object_repr": "Rider Raincoat", "action_flag": 3, "change_message": ""}}, {"model": "admin.logentry", "pk": 35, "fields": {"action_time": "2025-06-14T08:53:52.910Z", "user": 1, "content_type": 9, "object_id": "6", "object_repr": "Motorcycle Helmet", "action_flag": 1, "change_message": "[{\"added\": {}}]"}}, {"model": "admin.logentry", "pk": 36, "fields": {"action_time": "2025-06-14T08:55:54.771Z", "user": 1, "content_type": 9, "object_id": "7", "object_repr": "Rider Raincoats", "action_flag": 1, "change_message": "[{\"added\": {}}]"}}, {"model": "admin.logentry", "pk": 37, "fields": {"action_time": "2025-06-14T08:59:52.214Z", "user": 1, "content_type": 9, "object_id": "8", "object_repr": "Queue Stand", "action_flag": 1, "change_message": "[{\"added\": {}}]"}}, {"model": "admin.logentry", "pk": 38, "fields": {"action_time": "2025-06-14T09:08:08.530Z", "user": 1, "content_type": 9, "object_id": "9", "object_repr": "Safety Boots", "action_flag": 1, "change_message": "[{\"added\": {}}]"}}, {"model": "admin.logentry", "pk": 39, "fields": {"action_time": "2025-06-14T09:13:01.163Z", "user": 1, "content_type": 9, "object_id": "10", "object_repr": "Golden Trophy", "action_flag": 1, "change_message": "[{\"added\": {}}]"}}, {"model": "admin.logentry", "pk": 40, "fields": {"action_time": "2025-06-16T08:39:56.880Z", "user": 3, "content_type": 12, "object_id": "1", "object_repr": "Excavators", "action_flag": 1, "change_message": "[{\"added\": {}}]"}}, {"model": "admin.logentry", "pk": 41, "fields": {"action_time": "2025-06-16T08:47:19.037Z", "user": 3, "content_type": 12, "object_id": "2", "object_repr": "Wheel Loader", "action_flag": 1, "change_message": "[{\"added\": {}}]"}}, {"model": "admin.logentry", "pk": 42, "fields": {"action_time": "2025-06-16T08:48:48.027Z", "user": 3, "content_type": 12, "object_id": "3", "object_repr": "Roller", "action_flag": 1, "change_message": "[{\"added\": {}}]"}}, {"model": "admin.logentry", "pk": 43, "fields": {"action_time": "2025-06-16T08:50:35.147Z", "user": 3, "content_type": 12, "object_id": "4", "object_repr": "Motor Grader", "action_flag": 1, "change_message": "[{\"added\": {}}]"}}, {"model": "auth.permission", "pk": 1, "fields": {"name": "Can add log entry", "content_type": 1, "codename": "add_logentry"}}, {"model": "auth.permission", "pk": 2, "fields": {"name": "Can change log entry", "content_type": 1, "codename": "change_logentry"}}, {"model": "auth.permission", "pk": 3, "fields": {"name": "Can delete log entry", "content_type": 1, "codename": "delete_logentry"}}, {"model": "auth.permission", "pk": 4, "fields": {"name": "Can view log entry", "content_type": 1, "codename": "view_logentry"}}, {"model": "auth.permission", "pk": 5, "fields": {"name": "Can add permission", "content_type": 2, "codename": "add_permission"}}, {"model": "auth.permission", "pk": 6, "fields": {"name": "Can change permission", "content_type": 2, "codename": "change_permission"}}, {"model": "auth.permission", "pk": 7, "fields": {"name": "Can delete permission", "content_type": 2, "codename": "delete_permission"}}, {"model": "auth.permission", "pk": 8, "fields": {"name": "Can view permission", "content_type": 2, "codename": "view_permission"}}, {"model": "auth.permission", "pk": 9, "fields": {"name": "Can add group", "content_type": 3, "codename": "add_group"}}, {"model": "auth.permission", "pk": 10, "fields": {"name": "Can change group", "content_type": 3, "codename": "change_group"}}, {"model": "auth.permission", "pk": 11, "fields": {"name": "Can delete group", "content_type": 3, "codename": "delete_group"}}, {"model": "auth.permission", "pk": 12, "fields": {"name": "Can view group", "content_type": 3, "codename": "view_group"}}, {"model": "auth.permission", "pk": 13, "fields": {"name": "Can add content type", "content_type": 4, "codename": "add_contenttype"}}, {"model": "auth.permission", "pk": 14, "fields": {"name": "Can change content type", "content_type": 4, "codename": "change_contenttype"}}, {"model": "auth.permission", "pk": 15, "fields": {"name": "Can delete content type", "content_type": 4, "codename": "delete_contenttype"}}, {"model": "auth.permission", "pk": 16, "fields": {"name": "Can view content type", "content_type": 4, "codename": "view_contenttype"}}, {"model": "auth.permission", "pk": 17, "fields": {"name": "Can add session", "content_type": 5, "codename": "add_session"}}, {"model": "auth.permission", "pk": 18, "fields": {"name": "Can change session", "content_type": 5, "codename": "change_session"}}, {"model": "auth.permission", "pk": 19, "fields": {"name": "Can delete session", "content_type": 5, "codename": "delete_session"}}, {"model": "auth.permission", "pk": 20, "fields": {"name": "Can view session", "content_type": 5, "codename": "view_session"}}, {"model": "auth.permission", "pk": 21, "fields": {"name": "Can add category", "content_type": 6, "codename": "add_category"}}, {"model": "auth.permission", "pk": 22, "fields": {"name": "Can change category", "content_type": 6, "codename": "change_category"}}, {"model": "auth.permission", "pk": 23, "fields": {"name": "Can delete category", "content_type": 6, "codename": "delete_category"}}, {"model": "auth.permission", "pk": 24, "fields": {"name": "Can view category", "content_type": 6, "codename": "view_category"}}, {"model": "auth.permission", "pk": 25, "fields": {"name": "Can add guest user", "content_type": 7, "codename": "add_guestuser"}}, {"model": "auth.permission", "pk": 26, "fields": {"name": "Can change guest user", "content_type": 7, "codename": "change_guestuser"}}, {"model": "auth.permission", "pk": 27, "fields": {"name": "Can delete guest user", "content_type": 7, "codename": "delete_guestuser"}}, {"model": "auth.permission", "pk": 28, "fields": {"name": "Can view guest user", "content_type": 7, "codename": "view_guestuser"}}, {"model": "auth.permission", "pk": 29, "fields": {"name": "Can add order", "content_type": 8, "codename": "add_order"}}, {"model": "auth.permission", "pk": 30, "fields": {"name": "Can change order", "content_type": 8, "codename": "change_order"}}, {"model": "auth.permission", "pk": 31, "fields": {"name": "Can delete order", "content_type": 8, "codename": "delete_order"}}, {"model": "auth.permission", "pk": 32, "fields": {"name": "Can view order", "content_type": 8, "codename": "view_order"}}, {"model": "auth.permission", "pk": 33, "fields": {"name": "Can add product", "content_type": 9, "codename": "add_product"}}, {"model": "auth.permission", "pk": 34, "fields": {"name": "Can change product", "content_type": 9, "codename": "change_product"}}, {"model": "auth.permission", "pk": 35, "fields": {"name": "Can delete product", "content_type": 9, "codename": "delete_product"}}, {"model": "auth.permission", "pk": 36, "fields": {"name": "Can view product", "content_type": 9, "codename": "view_product"}}, {"model": "auth.permission", "pk": 37, "fields": {"name": "Can add order item", "content_type": 10, "codename": "add_orderitem"}}, {"model": "auth.permission", "pk": 38, "fields": {"name": "Can change order item", "content_type": 10, "codename": "change_orderitem"}}, {"model": "auth.permission", "pk": 39, "fields": {"name": "Can delete order item", "content_type": 10, "codename": "delete_orderitem"}}, {"model": "auth.permission", "pk": 40, "fields": {"name": "Can view order item", "content_type": 10, "codename": "view_orderitem"}}, {"model": "auth.permission", "pk": 41, "fields": {"name": "Can add shipping address", "content_type": 11, "codename": "add_shippingaddress"}}, {"model": "auth.permission", "pk": 42, "fields": {"name": "Can change shipping address", "content_type": 11, "codename": "change_shippingaddress"}}, {"model": "auth.permission", "pk": 43, "fields": {"name": "Can delete shipping address", "content_type": 11, "codename": "delete_shippingaddress"}}, {"model": "auth.permission", "pk": 44, "fields": {"name": "Can view shipping address", "content_type": 11, "codename": "view_shippingaddress"}}, {"model": "auth.permission", "pk": 45, "fields": {"name": "Can add hire item", "content_type": 12, "codename": "add_hireitem"}}, {"model": "auth.permission", "pk": 46, "fields": {"name": "Can change hire item", "content_type": 12, "codename": "change_hireitem"}}, {"model": "auth.permission", "pk": 47, "fields": {"name": "Can delete hire item", "content_type": 12, "codename": "delete_hireitem"}}, {"model": "auth.permission", "pk": 48, "fields": {"name": "Can view hire item", "content_type": 12, "codename": "view_hireitem"}}, {"model": "auth.permission", "pk": 49, "fields": {"name": "Can add courier order", "content_type": 13, "codename": "add_courierorder"}}, {"model": "auth.permission", "pk": 50, "fields": {"name": "Can change courier order", "content_type": 13, "codename": "change_courierorder"}}, {"model": "auth.permission", "pk": 51, "fields": {"name": "Can delete courier order", "content_type": 13, "codename": "delete_courierorder"}}, {"model": "auth.permission", "pk": 52, "fields": {"name": "Can view courier order", "content_type": 13, "codename": "view_courierorder"}}, {"model": "contenttypes.contenttype", "pk": 1, "fields": {"app_label": "admin", "model": "logentry"}}, {"model": "contenttypes.contenttype", "pk": 2, "fields": {"app_label": "auth", "model": "permission"}}, {"model": "contenttypes.contenttype", "pk": 3, "fields": {"app_label": "auth", "model": "group"}}, {"model": "contenttypes.contenttype", "pk": 4, "fields": {"app_label": "contenttypes", "model": "contenttype"}}, {"model": "contenttypes.contenttype", "pk": 5, "fields": {"app_label": "sessions", "model": "session"}}, {"model": "contenttypes.contenttype", "pk": 6, "fields": {"app_label": "megamall", "model": "category"}}, {"model": "contenttypes.contenttype", "pk": 7, "fields": {"app_label": "megamall", "model": "guestuser"}}, {"model": "contenttypes.contenttype", "pk": 8, "fields": {"app_label": "megamall", "model": "order"}}, {"model": "contenttypes.contenttype", "pk": 9, "fields": {"app_label": "megamall", "model": "product"}}, {"model": "contenttypes.contenttype", "pk": 10, "fields": {"app_label": "megamall", "model": "orderitem"}}, {"model": "contenttypes.contenttype", "pk": 11, "fields": {"app_label": "megamall", "model": "shippingaddress"}}, {"model": "contenttypes.contenttype", "pk": 12, "fields": {"app_label": "megamall", "model": "hireitem"}}, {"model": "contenttypes.contenttype", "pk": 13, "fields": {"app_label": "megamall", "model": "courierorder"}}, {"model": "sessions.session", "pk": "2rlpqmnqs0ljtjnibv7fxgkekdv13qv6", "fields": {"session_data": ".eJxVjMEOwiAQRP-FsyGLLQU8evcbyC4sUjWQlPZk_Hdp0oMe5jLvzbyFx23Nfmu8-DmKixjE6bcjDE8uO4gPLPcqQy3rMpPcFXnQJm818ut6uH8HGVvua5iAFCPTGQcgC8bwkJJDoGgYe0ZNZuxCSDYEHa0LakpRawRHyhjx-QIRbDkf:1uWWjX:Y7de6vBzwrroKeFbfLC2Ghmhrb-ozHToguE9KkU9yGI", "expire_date": "2025-07-15T08:52:55.320Z"}}, {"model": "sessions.session", "pk": "d8czvssyhtxwefl30k2gnyukv9b9tdwv", "fields": {"session_data": ".eJxVjLsOwjAMAP8lM4qaNnEdRvZ-Q-XYDimgVupjQvw7itQB1rvTvc1Ix17GY9N1nMRcjTOXX5aInzpXIQ-a74vlZd7XKdma2NNudlhEX7ez_RsU2krdekdNDppbcoSthsSCDQSGPnlR7GJSjgzQRVCPgNLG7LrEPmoj2JvPF--_OBg:1ueXbK:_4ayDeEaiffYxgnormYgkqs8BFSkotUT_3Bx8RFsE2o", "expire_date": "2025-08-06T11:25:34.017Z"}}, {"model": "sessions.session", "pk": "etr9wd68ukwuuc50wucanbr09jur5qyh", "fields": {"session_data": ".eJxVjMEOwiAQRP-FsyGLLQU8evcbyC4sUjWQlPZk_Hdp0oMe5jLvzbyFx23Nfmu8-DmKixjE6bcjDE8uO4gPLPcqQy3rMpPcFXnQJm818ut6uH8HGVvua5iAFCPTGQcgC8bwkJJDoGgYe0ZNZuxCSDYEHa0LakpRawRHyhjx-QIRbDkf:1uR5Je:0Nw_zaLW3pU-loV1Kt9orY1AVxjZcoLbzkod5aSbPzs", "expire_date": "2025-06-30T08:35:42.561Z"}}, {"model": "sessions.session", "pk": "knr101syfhgg4gzrldqty56vghtevy3z", "fields": {"session_data": ".eJxVjLsOwjAMAP8lM4qaNnEdRvZ-Q-XYDimgVupjQvw7itQB1rvTvc1Ix17GY9N1nMRcjTOXX5aInzpXIQ-a74vlZd7XKdma2NNudlhEX7ez_RsU2krdekdNDppbcoSthsSCDQSGPnlR7GJSjgzQRVCPgNLG7LrEPmoj2JvPF--_OBg:1uQ1CC:l204ZwioUrWME-_9yQcNPHE6yjfWRJ89tSlZK9R8Ims", "expire_date": "2025-06-27T09:59:36.966Z"}}, {"model": "sessions.session", "pk": "yn1ksjpf2zdamopn18fc7dopuopv0p62", "fields": {"session_data": ".eJxVjLsOwjAMAP8lM4qaNnEdRvZ-Q-XYDimgVupjQvw7itQB1rvTvc1Ix17GY9N1nMRcjTOXX5aInzpXIQ-a74vlZd7XKdma2NNudlhEX7ez_RsU2krdekdNDppbcoSthsSCDQSGPnlR7GJSjgzQRVCPgNLG7LrEPmoj2JvPF--_OBg:1uc9Vy:F5Cd9crEtZIQ8ktTLfRWZyNJBQFjekaAtwR5g0SbOMA", "expire_date": "2025-07-30T21:18:10.959Z"}}, {"model": "megamall.guestuser", "pk": 1, "fields": {"password": "pbkdf2_sha256$1000000$pT0K3f4avrocXdptwNMEeR$RJZjctOXZImyB1mFDMpvYi6zIG0RTcqlR+B+TWKNL0M=", "last_login": "2025-07-23T11:25:33.998Z", "is_superuser": true, "email": "master@gmail.com", "subscribed": true, "created_at": "2025-06-13T09:58:45.339Z", "first_name": "Master", "last_name": "Empire", "phone": null, "is_active": true, "is_staff": true, "groups": [], "user_permissions": []}}, {"model": "megamall.guestuser", "pk": 2, "fields": {"password": "pbkdf2_sha256$1000000$Q4qIXIzLETwLzS9w5420xW$UvdlSuiNuEehI5zQrZ5aPMPzhsqLR4geMoX+iSLRS/0=", "last_login": null, "is_superuser": false, "email": "jeffrebiro@gmail.com", "subscribed": true, "created_at": "2025-06-13T13:10:31.990Z", "first_name": "", "last_name": "", "phone": "", "is_active": true, "is_staff": false, "groups": [], "user_permissions": []}}, {"model": "megamall.guestuser", "pk": 3, "fields": {"password": "pbkdf2_sha256$1000000$ChTnnPcDhgQ22HxiP8rotZ$6YkGrsAFQqMkh389ojY9bJiWyrvdG/cOgEhfbPyD1dM=", "last_login": "2025-07-01T08:52:55.315Z", "is_superuser": true, "email": "masterpieceempire@gmail.com", "subscribed": true, "created_at": "2025-06-16T08:35:24.295Z", "first_name": "Masterpiece", "last_name": "Empire", "phone": null, "is_active": true, "is_staff": true, "groups": [], "user_permissions": []}}, {"model": "megamall.guestuser", "pk": 4, "fields": {"password": "pbkdf2_sha256$1000000$HFOrq4UeeVNMpM0nXqPoeI$UF2waw3/KIa5zezEV6H7SF3ZWOJOBLb+vMe4gNb1XeM=", "last_login": null, "is_superuser": false, "email": "rebirojeff@gmail.com", "subscribed": true, "created_at": "2025-06-23T13:42:26.162Z", "first_name": "", "last_name": "", "phone": "0797675754", "is_active": true, "is_staff": false, "groups": [], "user_permissions": []}}, {"model": "megamall.category", "pk": 1, "fields": {"name": "Audio & Video Equipment", "slug": "audio-video-equipment"}}, {"model": "megamall.category", "pk": 2, "fields": {"name": "Bicycle & Accessories", "slug": "bicycles-accessories"}}, {"model": "megamall.category", "pk": 3, "fields": {"name": "Building Materials", "slug": "building-materials"}}, {"model": "megamall.category", "pk": 4, "fields": {"name": "Computer Accessories", "slug": "computer-accessories"}}, {"model": "megamall.category", "pk": 5, "fields": {"name": "Clothing", "slug": "clothing"}}, {"model": "megamall.category", "pk": 6, "fields": {"name": "Clothing Accessories", "slug": "clothing-accessories"}}, {"model": "megamall.category", "pk": 7, "fields": {"name": "Furniture", "slug": "furniture"}}, {"model": "megamall.category", "pk": 8, "fields": {"name": "Garden Supplies", "slug": "garden-supplies"}}, {"model": "megamall.category", "pk": 9, "fields": {"name": "Home Appliances", "slug": "home-appliances"}}, {"model": "megamall.category", "pk": 10, "fields": {"name": "Household Chemicals", "slug": "household-chemicals"}}, {"model": "megamall.category", "pk": 11, "fields": {"name": "Laptops & Computers", "slug": "laptops-computers"}}, {"model": "megamall.category", "pk": 12, "fields": {"name": "Medical Equipment & Supplies", "slug": "medical-equipment-supplies"}}, {"model": "megamall.category", "pk": 13, "fields": {"name": "Networking Products", "slug": "networking-products"}}, {"model": "megamall.category", "pk": 14, "fields": {"name": "Kids Accessories", "slug": "kids-accessories"}}, {"model": "megamall.category", "pk": 15, "fields": {"name": "Plumbing & Water Systems", "slug": "plumbing-water-systems"}}, {"model": "megamall.category", "pk": 16, "fields": {"name": "Printing Services", "slug": "printing-services"}}, {"model": "megamall.category", "pk": 17, "fields": {"name": "Safety Equipment & Protective Gear", "slug": "safety-equipment-protective-gear"}}, {"model": "megamall.category", "pk": 18, "fields": {"name": "Sports Equipment", "slug": "sports-equipment"}}, {"model": "megamall.category", "pk": 19, "fields": {"name": "Salon Equipment", "slug": "salon-equipment"}}, {"model": "megamall.category", "pk": 20, "fields": {"name": "Stationery and Office Equipment", "slug": "stationery-office-equipment"}}, {"model": "megamall.category", "pk": 21, "fields": {"name": "Skincare", "slug": "skincare"}}, {"model": "megamall.category", "pk": 22, "fields": {"name": "Tools & Accessories", "slug": "tools-accessories"}}, {"model": "megamall.category", "pk": 23, "fields": {"name": "Vehicle Parts & Accessories", "slug": "vehicle-parts-accessories"}}, {"model": "megamall.category", "pk": 24, "fields": {"name": "Wedding Accessories", "slug": "wedding-accessories"}}, {"model": "megamall.product", "pk": 1, "fields": {"name": "Fat Bike", "price": "5600.00", "image": "products/Demo1_jipjTrH.jpg", "category": 2, "description": "Bicycle BNQ Fatbike Adult Bike 9 Speed With Mechanical Disc Brakes And Dual Suspension Foldable."}}, {"model": "megamall.product", "pk": 2, "fields": {"name": "Flag Stands", "price": "560.00", "image": "products/Demo2_yxGKFTk.jpeg", "category": 16, "description": "Connate Flag with stand (Size: 6\" X 9\", Colour: Kenya)"}}, {"model": "megamall.product", "pk": 3, "fields": {"name": "Range Rover Sport", "price": "108999.00", "image": "products/Demo3_M19mEIN.jpeg", "category": 23, "description": "The Range Rover is a luxury, full-sized SUV from Land Rover, known for its off-road capabilities and refined design. It's one of the world's leading luxury SUV brands, designed and built in the UK."}}, {"model": "megamall.product", "pk": 4, "fields": {"name": "Outdoor Umbrella", "price": "3400.00", "image": "products/demo4_9fJ3WfU.jpeg", "category": 9, "description": "The ultimate solution for all your outdoor needs, the Two-in-One Sun Shelter and Umbrella! When you need a sun umbrella, it can function as a highly wind-resistant sun umbrella. When you don't have a camping chair and don't want to sit directly on the sand, it can serve as a sun shelter with a removable sand blanket."}}, {"model": "megamall.product", "pk": 6, "fields": {"name": "Motorcycle Helmet", "price": "5500.00", "image": "products/helmet.jpeg", "category": 2, "description": "Professional Motorcycle Helmet: Full Face Protection, Comfortable Fit"}}, {"model": "megamall.product", "pk": 7, "fields": {"name": "Rider Raincoats", "price": "1700.00", "image": "products/raincoat.jpeg", "category": 17, "description": "MCR Rider coat combines the strength and waterproof qualities of PVC with the durability of a polyester backing. .35mm PVC/polyester fabric. Cape ventilated back. Snap front, take up snaps at the wrists, 1 patch pocket. Corduroy lined collar and detachable hood with drawstring. Coat splits in the back and can snap around each leg to form chaps. 60\" long."}}, {"model": "megamall.product", "pk": 8, "fields": {"name": "Queue Stand", "price": "1290.00", "image": "products/stand.jpeg", "category": 22, "description": "Retractable Queue Stand"}}, {"model": "megamall.product", "pk": 9, "fields": {"name": "Safety Boots", "price": "2500.00", "image": "products/boots.webp", "category": 17, "description": "The Ace® Parade security boots are perfect for soldiers, army, defense forces and security guards due to their ability to withstand the toughest terrains as well as stay comfortable for all day use"}}, {"model": "megamall.product", "pk": 10, "fields": {"name": "Golden Trophy", "price": "12000.00", "image": "products/trophy.webp", "category": 22, "description": "Trophy with medal; WSLP KSh 12000, RTLP KSh 12500"}}, {"model": "megamall.shippingaddress", "pk": 1, "fields": {"user": null, "deliveryMethod": "delivery", "selectedStoreId": null, "collectorName": null, "collectorPhone": null, "full_name": null, "address": null, "city": null, "postal_code": null, "country": null, "created_at": "2025-06-17T14:09:55.080Z"}}, {"model": "megamall.shippingaddress", "pk": 2, "fields": {"user": null, "deliveryMethod": "delivery", "selectedStoreId": null, "collectorName": null, "collectorPhone": null, "full_name": null, "address": null, "city": null, "postal_code": null, "country": null, "created_at": "2025-06-17T14:09:57.807Z"}}, {"model": "megamall.shippingaddress", "pk": 3, "fields": {"user": null, "deliveryMethod": "delivery", "selectedStoreId": null, "collectorName": null, "collectorPhone": null, "full_name": null, "address": null, "city": null, "postal_code": null, "country": null, "created_at": "2025-06-17T14:09:58.463Z"}}, {"model": "megamall.shippingaddress", "pk": 4, "fields": {"user": null, "deliveryMethod": "delivery", "selectedStoreId": null, "collectorName": null, "collectorPhone": null, "full_name": null, "address": null, "city": null, "postal_code": null, "country": null, "created_at": "2025-06-17T14:09:58.976Z"}}, {"model": "megamall.shippingaddress", "pk": 5, "fields": {"user": null, "deliveryMethod": "delivery", "selectedStoreId": null, "collectorName": null, "collectorPhone": null, "full_name": null, "address": null, "city": null, "postal_code": null, "country": null, "created_at": "2025-06-17T14:10:40.855Z"}}, {"model": "megamall.shippingaddress", "pk": 6, "fields": {"user": null, "deliveryMethod": "delivery", "selectedStoreId": null, "collectorName": null, "collectorPhone": null, "full_name": null, "address": null, "city": null, "postal_code": null, "country": null, "created_at": "2025-06-18T13:09:28.874Z"}}, {"model": "megamall.shippingaddress", "pk": 7, "fields": {"user": null, "deliveryMethod": "delivery", "selectedStoreId": null, "collectorName": null, "collectorPhone": null, "full_name": null, "address": null, "city": null, "postal_code": null, "country": null, "created_at": "2025-06-18T13:10:18.788Z"}}, {"model": "megamall.shippingaddress", "pk": 8, "fields": {"user": null, "deliveryMethod": "delivery", "selectedStoreId": null, "collectorName": null, "collectorPhone": null, "full_name": null, "address": null, "city": null, "postal_code": null, "country": null, "created_at": "2025-06-18T13:11:40.157Z"}}, {"model": "megamall.shippingaddress", "pk": 9, "fields": {"user": null, "deliveryMethod": "delivery", "selectedStoreId": null, "collectorName": null, "collectorPhone": null, "full_name": null, "address": null, "city": null, "postal_code": null, "country": null, "created_at": "2025-06-18T13:22:10.374Z"}}, {"model": "megamall.shippingaddress", "pk": 10, "fields": {"user": null, "deliveryMethod": "delivery", "selectedStoreId": null, "collectorName": null, "collectorPhone": null, "full_name": null, "address": null, "city": null, "postal_code": null, "country": null, "created_at": "2025-06-18T13:28:42.892Z"}}, {"model": "megamall.shippingaddress", "pk": 11, "fields": {"user": null, "deliveryMethod": "delivery", "selectedStoreId": null, "collectorName": null, "collectorPhone": null, "full_name": null, "address": null, "city": null, "postal_code": null, "country": null, "created_at": "2025-06-18T13:34:14.678Z"}}, {"model": "megamall.shippingaddress", "pk": 12, "fields": {"user": null, "deliveryMethod": "delivery", "selectedStoreId": null, "collectorName": null, "collectorPhone": null, "full_name": null, "address": null, "city": null, "postal_code": null, "country": null, "created_at": "2025-06-18T14:57:19.275Z"}}, {"model": "megamall.shippingaddress", "pk": 13, "fields": {"user": null, "deliveryMethod": "delivery", "selectedStoreId": null, "collectorName": null, "collectorPhone": null, "full_name": null, "address": null, "city": null, "postal_code": null, "country": null, "created_at": "2025-06-23T08:43:27.772Z"}}, {"model": "megamall.shippingaddress", "pk": 14, "fields": {"user": null, "deliveryMethod": "delivery", "selectedStoreId": null, "collectorName": null, "collectorPhone": null, "full_name": null, "address": null, "city": null, "postal_code": null, "country": null, "created_at": "2025-06-23T08:52:12.659Z"}}, {"model": "megamall.shippingaddress", "pk": 15, "fields": {"user": null, "deliveryMethod": "delivery", "selectedStoreId": null, "collectorName": null, "collectorPhone": null, "full_name": null, "address": null, "city": null, "postal_code": null, "country": null, "created_at": "2025-06-23T09:53:38.016Z"}}, {"model": "megamall.shippingaddress", "pk": 16, "fields": {"user": null, "deliveryMethod": "delivery", "selectedStoreId": null, "collectorName": null, "collectorPhone": null, "full_name": null, "address": null, "city": null, "postal_code": null, "country": null, "created_at": "2025-06-23T09:57:43.830Z"}}, {"model": "megamall.shippingaddress", "pk": 17, "fields": {"user": null, "deliveryMethod": "delivery", "selectedStoreId": null, "collectorName": null, "collectorPhone": null, "full_name": null, "address": null, "city": null, "postal_code": null, "country": null, "created_at": "2025-06-23T10:07:20.885Z"}}, {"model": "megamall.shippingaddress", "pk": 18, "fields": {"user": null, "deliveryMethod": "delivery", "selectedStoreId": null, "collectorName": null, "collectorPhone": null, "full_name": null, "address": null, "city": null, "postal_code": null, "country": null, "created_at": "2025-06-23T10:19:50.893Z"}}, {"model": "megamall.shippingaddress", "pk": 19, "fields": {"user": null, "deliveryMethod": "delivery", "selectedStoreId": null, "collectorName": null, "collectorPhone": null, "full_name": null, "address": null, "city": null, "postal_code": null, "country": null, "created_at": "2025-06-23T10:24:06.999Z"}}, {"model": "megamall.shippingaddress", "pk": 20, "fields": {"user": null, "deliveryMethod": "delivery", "selectedStoreId": null, "collectorName": null, "collectorPhone": null, "full_name": null, "address": null, "city": null, "postal_code": null, "country": null, "created_at": "2025-06-23T10:26:39.413Z"}}, {"model": "megamall.shippingaddress", "pk": 21, "fields": {"user": null, "deliveryMethod": "delivery", "selectedStoreId": null, "collectorName": null, "collectorPhone": null, "full_name": null, "address": null, "city": null, "postal_code": null, "country": null, "created_at": "2025-06-23T10:27:42.953Z"}}, {"model": "megamall.shippingaddress", "pk": 22, "fields": {"user": null, "deliveryMethod": "delivery", "selectedStoreId": null, "collectorName": null, "collectorPhone": null, "full_name": null, "address": null, "city": null, "postal_code": null, "country": null, "created_at": "2025-06-23T10:28:18.549Z"}}, {"model": "megamall.shippingaddress", "pk": 23, "fields": {"user": null, "deliveryMethod": "delivery", "selectedStoreId": null, "collectorName": null, "collectorPhone": null, "full_name": null, "address": null, "city": null, "postal_code": null, "country": null, "created_at": "2025-06-23T10:30:20.430Z"}}, {"model": "megamall.shippingaddress", "pk": 24, "fields": {"user": null, "deliveryMethod": "delivery", "selectedStoreId": null, "collectorName": null, "collectorPhone": null, "full_name": null, "address": null, "city": null, "postal_code": null, "country": null, "created_at": "2025-06-23T10:30:46.117Z"}}, {"model": "megamall.shippingaddress", "pk": 25, "fields": {"user": null, "deliveryMethod": "delivery", "selectedStoreId": null, "collectorName": null, "collectorPhone": null, "full_name": null, "address": null, "city": null, "postal_code": null, "country": null, "created_at": "2025-06-23T12:14:47.620Z"}}, {"model": "megamall.shippingaddress", "pk": 26, "fields": {"user": null, "deliveryMethod": "delivery", "selectedStoreId": null, "collectorName": null, "collectorPhone": null, "full_name": null, "address": null, "city": null, "postal_code": null, "country": null, "created_at": "2025-06-23T12:54:36.431Z"}}, {"model": "megamall.shippingaddress", "pk": 27, "fields": {"user": null, "deliveryMethod": "delivery", "selectedStoreId": null, "collectorName": null, "collectorPhone": null, "full_name": null, "address": null, "city": "Nairobi", "postal_code": null, "country": null, "created_at": "2025-06-23T13:07:05.702Z"}}, {"model": "megamall.shippingaddress", "pk": 28, "fields": {"user": null, "deliveryMethod": "delivery", "selectedStoreId": null, "collectorName": null, "collectorPhone": null, "full_name": null, "address": null, "city": null, "postal_code": null, "country": null, "created_at": "2025-06-23T13:40:13.812Z"}}, {"model": "megamall.shippingaddress", "pk": 29, "fields": {"user": null, "deliveryMethod": "delivery", "selectedStoreId": null, "collectorName": null, "collectorPhone": null, "full_name": null, "address": null, "city": null, "postal_code": null, "country": null, "created_at": "2025-06-23T13:41:08.261Z"}}, {"model": "megamall.shippingaddress", "pk": 30, "fields": {"user": null, "deliveryMethod": "delivery", "selectedStoreId": null, "collectorName": null, "collectorPhone": null, "full_name": null, "address": null, "city": null, "postal_code": null, "country": null, "created_at": "2025-06-23T13:42:39.413Z"}}, {"model": "megamall.shippingaddress", "pk": 31, "fields": {"user": null, "deliveryMethod": "delivery", "selectedStoreId": null, "collectorName": null, "collectorPhone": null, "full_name": null, "address": null, "city": null, "postal_code": null, "country": null, "created_at": "2025-06-23T13:51:56.381Z"}}, {"model": "megamall.shippingaddress", "pk": 32, "fields": {"user": null, "deliveryMethod": "delivery", "selectedStoreId": null, "collectorName": null, "collectorPhone": null, "full_name": null, "address": null, "city": null, "postal_code": null, "country": null, "created_at": "2025-06-23T13:57:39.829Z"}}, {"model": "megamall.shippingaddress", "pk": 33, "fields": {"user": null, "deliveryMethod": "delivery", "selectedStoreId": null, "collectorName": null, "collectorPhone": null, "full_name": null, "address": null, "city": null, "postal_code": null, "country": null, "created_at": "2025-06-23T15:44:37.171Z"}}, {"model": "megamall.shippingaddress", "pk": 34, "fields": {"user": null, "deliveryMethod": "delivery", "selectedStoreId": null, "collectorName": null, "collectorPhone": null, "full_name": null, "address": null, "city": null, "postal_code": null, "country": null, "created_at": "2025-06-24T11:03:21.734Z"}}, {"model": "megamall.shippingaddress", "pk": 35, "fields": {"user": null, "deliveryMethod": "delivery", "selectedStoreId": null, "collectorName": null, "collectorPhone": null, "full_name": null, "address": null, "city": null, "postal_code": null, "country": null, "created_at": "2025-06-24T11:08:35.078Z"}}, {"model": "megamall.shippingaddress", "pk": 36, "fields": {"user": null, "deliveryMethod": "delivery", "selectedStoreId": null, "collectorName": null, "collectorPhone": null, "full_name": null, "address": null, "city": null, "postal_code": null, "country": null, "created_at": "2025-06-24T11:10:55.278Z"}}, {"model": "megamall.shippingaddress", "pk": 37, "fields": {"user": null, "deliveryMethod": "delivery", "selectedStoreId": null, "collectorName": null, "collectorPhone": null, "full_name": null, "address": null, "city": null, "postal_code": null, "country": null, "created_at": "2025-06-24T11:15:31.733Z"}}, {"model": "megamall.shippingaddress", "pk": 38, "fields": {"user": null, "deliveryMethod": "delivery", "selectedStoreId": null, "collectorName": null, "collectorPhone": null, "full_name": null, "address": null, "city": null, "postal_code": null, "country": null, "created_at": "2025-07-01T12:25:51.243Z"}}, {"model": "megamall.shippingaddress", "pk": 39, "fields": {"user": null, "deliveryMethod": "delivery", "selectedStoreId": null, "collectorName": null, "collectorPhone": null, "full_name": null, "address": null, "city": null, "postal_code": null, "country": null, "created_at": "2025-07-01T12:26:17.521Z"}}, {"model": "megamall.shippingaddress", "pk": 40, "fields": {"user": null, "deliveryMethod": "delivery", "selectedStoreId": null, "collectorName": null, "collectorPhone": null, "full_name": null, "address": null, "city": null, "postal_code": null, "country": null, "created_at": "2025-07-01T12:37:51.719Z"}}, {"model": "megamall.shippingaddress", "pk": 41, "fields": {"user": null, "deliveryMethod": "delivery", "selectedStoreId": null, "collectorName": null, "collectorPhone": null, "full_name": null, "address": null, "city": null, "postal_code": null, "country": null, "created_at": "2025-07-03T13:17:27.597Z"}}, {"model": "megamall.shippingaddress", "pk": 42, "fields": {"user": null, "deliveryMethod": "delivery", "selectedStoreId": null, "collectorName": null, "collectorPhone": null, "full_name": null, "address": null, "city": null, "postal_code": null, "country": null, "created_at": "2025-07-03T13:46:13.097Z"}}, {"model": "megamall.shippingaddress", "pk": 43, "fields": {"user": null, "deliveryMethod": "delivery", "selectedStoreId": null, "collectorName": null, "collectorPhone": null, "full_name": null, "address": null, "city": null, "postal_code": null, "country": null, "created_at": "2025-07-03T14:10:30.528Z"}}, {"model": "megamall.shippingaddress", "pk": 44, "fields": {"user": null, "deliveryMethod": "delivery", "selectedStoreId": null, "collectorName": null, "collectorPhone": null, "full_name": null, "address": null, "city": null, "postal_code": null, "country": null, "created_at": "2025-07-03T14:10:43.511Z"}}, {"model": "megamall.shippingaddress", "pk": 45, "fields": {"user": null, "deliveryMethod": "delivery", "selectedStoreId": null, "collectorName": null, "collectorPhone": null, "full_name": null, "address": null, "city": null, "postal_code": null, "country": null, "created_at": "2025-07-03T14:10:54.524Z"}}, {"model": "megamall.shippingaddress", "pk": 46, "fields": {"user": null, "deliveryMethod": "delivery", "selectedStoreId": null, "collectorName": null, "collectorPhone": null, "full_name": null, "address": null, "city": null, "postal_code": null, "country": null, "created_at": "2025-07-03T14:28:11.909Z"}}, {"model": "megamall.shippingaddress", "pk": 47, "fields": {"user": null, "deliveryMethod": "delivery", "selectedStoreId": null, "collectorName": null, "collectorPhone": null, "full_name": null, "address": null, "city": null, "postal_code": null, "country": null, "created_at": "2025-07-03T14:46:31.970Z"}}, {"model": "megamall.shippingaddress", "pk": 48, "fields": {"user": null, "deliveryMethod": "delivery", "selectedStoreId": null, "collectorName": null, "collectorPhone": null, "full_name": null, "address": null, "city": null, "postal_code": null, "country": null, "created_at": "2025-07-18T07:12:10.122Z"}}, {"model": "megamall.shippingaddress", "pk": 49, "fields": {"user": null, "deliveryMethod": "delivery", "selectedStoreId": null, "collectorName": null, "collectorPhone": null, "full_name": null, "address": null, "city": null, "postal_code": null, "country": null, "created_at": "2025-07-18T12:55:00.272Z"}}, {"model": "megamall.shippingaddress", "pk": 50, "fields": {"user": null, "deliveryMethod": "delivery", "selectedStoreId": null, "collectorName": null, "collectorPhone": null, "full_name": null, "address": null, "city": null, "postal_code": null, "country": null, "created_at": "2025-07-21T09:34:45.639Z"}}, {"model": "megamall.shippingaddress", "pk": 51, "fields": {"user": null, "deliveryMethod": "delivery", "selectedStoreId": null, "collectorName": null, "collectorPhone": null, "full_name": null, "address": null, "city": null, "postal_code": null, "country": null, "created_at": "2025-07-21T10:09:41.001Z"}}, {"model": "megamall.shippingaddress", "pk": 52, "fields": {"user": null, "deliveryMethod": "delivery", "selectedStoreId": null, "collectorName": null, "collectorPhone": null, "full_name": null, "address": null, "city": null, "postal_code": null, "country": null, "created_at": "2025-07-21T10:18:19.536Z"}}, {"model": "megamall.shippingaddress", "pk": 53, "fields": {"user": null, "deliveryMethod": "delivery", "selectedStoreId": null, "collectorName": null, "collectorPhone": null, "full_name": null, "address": null, "city": null, "postal_code": null, "country": null, "created_at": "2025-07-21T10:30:06.987Z"}}, {"model": "megamall.shippingaddress", "pk": 54, "fields": {"user": null, "deliveryMethod": "delivery", "selectedStoreId": null, "collectorName": null, "collectorPhone": null, "full_name": null, "address": null, "city": null, "postal_code": null, "country": null, "created_at": "2025-07-21T10:34:25.270Z"}}, {"model": "megamall.shippingaddress", "pk": 55, "fields": {"user": null, "deliveryMethod": "delivery", "selectedStoreId": null, "collectorName": null, "collectorPhone": null, "full_name": null, "address": null, "city": null, "postal_code": null, "country": null, "created_at": "2025-07-21T10:38:09.103Z"}}, {"model": "megamall.shippingaddress", "pk": 56, "fields": {"user": null, "deliveryMethod": "delivery", "selectedStoreId": null, "collectorName": null, "collectorPhone": null, "full_name": null, "address": null, "city": null, "postal_code": null, "country": null, "created_at": "2025-07-21T10:47:22.567Z"}}, {"model": "megamall.shippingaddress", "pk": 57, "fields": {"user": null, "deliveryMethod": "delivery", "selectedStoreId": null, "collectorName": null, "collectorPhone": null, "full_name": null, "address": null, "city": null, "postal_code": null, "country": null, "created_at": "2025-07-21T10:48:48.240Z"}}, {"model": "megamall.shippingaddress", "pk": 58, "fields": {"user": null, "deliveryMethod": "delivery", "selectedStoreId": null, "collectorName": null, "collectorPhone": null, "full_name": null, "address": null, "city": null, "postal_code": null, "country": null, "created_at": "2025-07-21T10:54:43.621Z"}}, {"model": "megamall.shippingaddress", "pk": 59, "fields": {"user": null, "deliveryMethod": "delivery", "selectedStoreId": null, "collectorName": null, "collectorPhone": null, "full_name": null, "address": null, "city": null, "postal_code": null, "country": null, "created_at": "2025-07-21T11:01:33.661Z"}}, {"model": "megamall.shippingaddress", "pk": 60, "fields": {"user": null, "deliveryMethod": "delivery", "selectedStoreId": null, "collectorName": null, "collectorPhone": null, "full_name": null, "address": null, "city": null, "postal_code": null, "country": null, "created_at": "2025-07-21T11:13:02.913Z"}}, {"model": "megamall.shippingaddress", "pk": 61, "fields": {"user": null, "deliveryMethod": "delivery", "selectedStoreId": null, "collectorName": null, "collectorPhone": null, "full_name": null, "address": null, "city": null, "postal_code": null, "country": null, "created_at": "2025-07-21T11:21:33.170Z"}}, {"model": "megamall.shippingaddress", "pk": 62, "fields": {"user": null, "deliveryMethod": "delivery", "selectedStoreId": null, "collectorName": null, "collectorPhone": null, "full_name": null, "address": null, "city": null, "postal_code": null, "country": null, "created_at": "2025-07-21T11:30:50.547Z"}}, {"model": "megamall.shippingaddress", "pk": 63, "fields": {"user": null, "deliveryMethod": "delivery", "selectedStoreId": null, "collectorName": null, "collectorPhone": null, "full_name": null, "address": null, "city": null, "postal_code": null, "country": null, "created_at": "2025-07-21T11:36:34.066Z"}}, {"model": "megamall.shippingaddress", "pk": 64, "fields": {"user": null, "deliveryMethod": "delivery", "selectedStoreId": null, "collectorName": null, "collectorPhone": null, "full_name": null, "address": null, "city": null, "postal_code": null, "country": null, "created_at": "2025-07-21T11:51:09.884Z"}}, {"model": "megamall.order", "pk": "0d90542f-e92a-490c-8ed5-5961185107db", "fields": {"guest_user": 2, "shipping_address": 58, "payment_method": "mpesa", "total_price": "1700.00", "status": "pending", "created_at": "2025-07-21T10:54:43.647Z"}}, {"model": "megamall.order", "pk": "0edb8553-d8cc-4f01-a46d-fc77a7b4f331", "fields": {"guest_user": null, "shipping_address": 8, "payment_method": "mpesa", "total_price": "5600.00", "status": "pending", "created_at": "2025-06-18T13:11:40.163Z"}}, {"model": "megamall.order", "pk": "11a9bd83-8ea2-4bf6-849b-9415c5b8b7b2", "fields": {"guest_user": 2, "shipping_address": 36, "payment_method": "tingg", "total_price": "110849.00", "status": "pending", "created_at": "2025-06-24T11:10:55.283Z"}}, {"model": "megamall.order", "pk": "14936079-792f-4ab9-8bd1-d1704bac175c", "fields": {"guest_user": 2, "shipping_address": 41, "payment_method": "mpesa", "total_price": "11200.00", "status": "pending", "created_at": "2025-07-03T13:17:27.602Z"}}, {"model": "megamall.order", "pk": "177c32bb-d13f-4051-99f5-56d9000ba956", "fields": {"guest_user": null, "shipping_address": 12, "payment_method": "mpesa", "total_price": "560.00", "status": "pending", "created_at": "2025-06-18T14:57:19.280Z"}}, {"model": "megamall.order", "pk": "178af926-be29-429d-8010-d4e002312191", "fields": {"guest_user": null, "shipping_address": 10, "payment_method": "mpesa", "total_price": "108999.00", "status": "pending", "created_at": "2025-06-18T13:28:42.896Z"}}, {"model": "megamall.order", "pk": "1958e7dc-1870-4715-a113-c7bb26e76087", "fields": {"guest_user": 2, "shipping_address": 29, "payment_method": "mpesa", "total_price": "108999.00", "status": "pending", "created_at": "2025-06-23T13:41:08.265Z"}}, {"model": "megamall.order", "pk": "19ae53b2-e866-43cb-8359-5c83b891ddc2", "fields": {"guest_user": 2, "shipping_address": 39, "payment_method": "mpesa", "total_price": "560.00", "status": "pending", "created_at": "2025-07-01T12:26:17.525Z"}}, {"model": "megamall.order", "pk": "1b8679f7-dce4-4226-8a65-d857490ecce4", "fields": {"guest_user": 2, "shipping_address": 45, "payment_method": "mpesa", "total_price": "5600.00", "status": "pending", "created_at": "2025-07-03T14:10:54.529Z"}}, {"model": "megamall.order", "pk": "1ccaf026-d93a-4e57-b12b-f6ba7182520e", "fields": {"guest_user": 2, "shipping_address": 21, "payment_method": "mpesa", "total_price": "108999.00", "status": "pending", "created_at": "2025-06-23T10:27:42.957Z"}}, {"model": "megamall.order", "pk": "1d6bd48e-b62c-4152-a481-ab1d670c314e", "fields": {"guest_user": 2, "shipping_address": 59, "payment_method": "mpesa", "total_price": "5600.00", "status": "pending", "created_at": "2025-07-21T11:01:33.685Z"}}, {"model": "megamall.order", "pk": "2154b007-ff37-4b4d-8c07-97d12a76bf5a", "fields": {"guest_user": 4, "shipping_address": 30, "payment_method": "mpesa", "total_price": "560.00", "status": "pending", "created_at": "2025-06-23T13:42:39.417Z"}}, {"model": "megamall.order", "pk": "24a6f955-7a07-40e9-b5eb-51771277537b", "fields": {"guest_user": 2, "shipping_address": 32, "payment_method": "mpesa", "total_price": "560.00", "status": "pending", "created_at": "2025-06-23T13:57:39.834Z"}}, {"model": "megamall.order", "pk": "25897126-259c-4858-b03c-79eae9a289e1", "fields": {"guest_user": null, "shipping_address": 1, "payment_method": "mpesa", "total_price": "3400.00", "status": "pending", "created_at": "2025-06-17T14:09:55.086Z"}}, {"model": "megamall.order", "pk": "2aaec6a4-f23f-48e9-bdd4-7975b4233e27", "fields": {"guest_user": 2, "shipping_address": 43, "payment_method": "mpesa", "total_price": "5600.00", "status": "pending", "created_at": "2025-07-03T14:10:30.534Z"}}, {"model": "megamall.order", "pk": "2fa8f3e3-abcc-4c2f-a85a-81aa119c07e2", "fields": {"guest_user": 2, "shipping_address": 47, "payment_method": "mpesa", "total_price": "560.00", "status": "pending", "created_at": "2025-07-03T14:46:31.976Z"}}, {"model": "megamall.order", "pk": "37004f8d-5328-4913-910b-6ca122c56627", "fields": {"guest_user": 2, "shipping_address": 53, "payment_method": "mpesa", "total_price": "5600.00", "status": "pending", "created_at": "2025-07-21T10:30:06.999Z"}}, {"model": "megamall.order", "pk": "3a487a88-9906-46f0-97b2-6a821d3701e4", "fields": {"guest_user": null, "shipping_address": 11, "payment_method": "mpesa", "total_price": "3400.00", "status": "pending", "created_at": "2025-06-18T13:34:14.682Z"}}, {"model": "megamall.order", "pk": "4a14f8f0-162e-4671-8a82-1c9536a019c2", "fields": {"guest_user": null, "shipping_address": 6, "payment_method": "mpesa", "total_price": "108999.00", "status": "pending", "created_at": "2025-06-18T13:09:28.878Z"}}, {"model": "megamall.order", "pk": "4ed0c613-5dd6-477d-8bbb-7364622414ae", "fields": {"guest_user": null, "shipping_address": 4, "payment_method": "mpesa", "total_price": "3400.00", "status": "pending", "created_at": "2025-06-17T14:09:58.981Z"}}, {"model": "megamall.order", "pk": "5282fc94-0621-4d42-b8ae-b0b0949c8aa0", "fields": {"guest_user": 2, "shipping_address": 23, "payment_method": "tingg", "total_price": "3400.00", "status": "pending", "created_at": "2025-06-23T10:30:20.434Z"}}, {"model": "megamall.order", "pk": "5fc2ca1c-821d-4c69-8a5b-d7e0bed3cecb", "fields": {"guest_user": null, "shipping_address": 9, "payment_method": "mpesa", "total_price": "560.00", "status": "pending", "created_at": "2025-06-18T13:22:10.378Z"}}, {"model": "megamall.order", "pk": "6092216b-baa6-4674-a51b-c49b97366b62", "fields": {"guest_user": 2, "shipping_address": 62, "payment_method": "mpesa", "total_price": "5600.00", "status": "pending", "created_at": "2025-07-21T11:30:50.575Z"}}, {"model": "megamall.order", "pk": "611d155b-a5cd-4fda-98de-d45cbbb4a5e4", "fields": {"guest_user": 2, "shipping_address": 35, "payment_method": "mpesa", "total_price": "6790.00", "status": "pending", "created_at": "2025-06-24T11:08:35.082Z"}}, {"model": "megamall.order", "pk": "63e9bc27-0466-4830-99f0-2f4d85acd407", "fields": {"guest_user": 2, "shipping_address": 31, "payment_method": "tingg", "total_price": "108999.00", "status": "pending", "created_at": "2025-06-23T13:51:56.385Z"}}, {"model": "megamall.order", "pk": "67cea4dd-d35b-4fca-9a0b-f67dd8c9ffa1", "fields": {"guest_user": 2, "shipping_address": 54, "payment_method": "mpesa", "total_price": "560.00", "status": "pending", "created_at": "2025-07-21T10:34:25.295Z"}}, {"model": "megamall.order", "pk": "6adf8a55-fe5a-43ad-bf8c-319f6a51d3be", "fields": {"guest_user": 2, "shipping_address": 26, "payment_method": "mpesa", "total_price": "560.00", "status": "pending", "created_at": "2025-06-23T12:54:36.435Z"}}, {"model": "megamall.order", "pk": "701512fc-4fff-4ab8-bde4-99176ea47e98", "fields": {"guest_user": 2, "shipping_address": 15, "payment_method": "tingg", "total_price": "560.00", "status": "pending", "created_at": "2025-06-23T09:53:38.020Z"}}, {"model": "megamall.order", "pk": "733db9ad-53bf-4f66-9dc0-47a3448f0adb", "fields": {"guest_user": 2, "shipping_address": 18, "payment_method": "mpesa", "total_price": "108999.00", "status": "pending", "created_at": "2025-06-23T10:19:50.898Z"}}, {"model": "megamall.order", "pk": "79d84f67-c474-4dab-805c-26b8ac5371fb", "fields": {"guest_user": 2, "shipping_address": 63, "payment_method": "mpesa", "total_price": "5600.00", "status": "pending", "created_at": "2025-07-21T11:36:34.088Z"}}, {"model": "megamall.order", "pk": "7a2fbf28-b219-4ce9-8021-a506e8a3e070", "fields": {"guest_user": 2, "shipping_address": 57, "payment_method": "mpesa", "total_price": "5500.00", "status": "pending", "created_at": "2025-07-21T10:48:48.256Z"}}, {"model": "megamall.order", "pk": "7db338f5-f98a-402f-ab07-b538927865c6", "fields": {"guest_user": null, "shipping_address": 3, "payment_method": "mpesa", "total_price": "3400.00", "status": "pending", "created_at": "2025-06-17T14:09:58.467Z"}}, {"model": "megamall.order", "pk": "86ba8c45-c7a5-4047-9a11-166bef0b5571", "fields": {"guest_user": 2, "shipping_address": 34, "payment_method": "mpesa", "total_price": "111499.00", "status": "pending", "created_at": "2025-06-24T11:03:21.738Z"}}, {"model": "megamall.order", "pk": "88399287-49d7-46a4-8783-ac218fd06020", "fields": {"guest_user": 2, "shipping_address": 51, "payment_method": "mpesa", "total_price": "560.00", "status": "pending", "created_at": "2025-07-21T10:09:41.030Z"}}, {"model": "megamall.order", "pk": "92f006bd-c43e-4e53-b9e3-e08b36c63620", "fields": {"guest_user": 2, "shipping_address": 49, "payment_method": "mpesa", "total_price": "11200.00", "status": "pending", "created_at": "2025-07-18T12:55:00.282Z"}}, {"model": "megamall.order", "pk": "9419b0cc-74fc-4ce0-aa51-6762e20d2279", "fields": {"guest_user": 2, "shipping_address": 40, "payment_method": "mpesa", "total_price": "5500.00", "status": "pending", "created_at": "2025-07-01T12:37:51.723Z"}}, {"model": "megamall.order", "pk": "94892f46-1c13-49a6-b6a4-bdee154c530d", "fields": {"guest_user": 2, "shipping_address": 22, "payment_method": "tingg", "total_price": "3400.00", "status": "pending", "created_at": "2025-06-23T10:28:18.553Z"}}, {"model": "megamall.order", "pk": "94a44e04-28c6-4e9d-88da-3ac7ee57e645", "fields": {"guest_user": 2, "shipping_address": 55, "payment_method": "mpesa", "total_price": "108999.00", "status": "pending", "created_at": "2025-07-21T10:38:09.140Z"}}, {"model": "megamall.order", "pk": "9614eb2e-0c65-424e-85e9-5ca1851d475f", "fields": {"guest_user": 2, "shipping_address": 64, "payment_method": "mpesa", "total_price": "544995.00", "status": "pending", "created_at": "2025-07-21T11:51:09.895Z"}}, {"model": "megamall.order", "pk": "96a6b6b0-d14a-4204-86c0-e0b4c9452764", "fields": {"guest_user": 2, "shipping_address": 48, "payment_method": "mpesa", "total_price": "11200.00", "status": "pending", "created_at": "2025-07-18T07:12:10.180Z"}}, {"model": "megamall.order", "pk": "a3ec65aa-40cf-43f0-9992-3e5e3f3390ca", "fields": {"guest_user": 2, "shipping_address": 42, "payment_method": "mpesa", "total_price": "5600.00", "status": "pending", "created_at": "2025-07-03T13:46:13.102Z"}}, {"model": "megamall.order", "pk": "a6934662-5d94-48e3-96f9-3afab6feb0d8", "fields": {"guest_user": 2, "shipping_address": 17, "payment_method": "tingg", "total_price": "560.00", "status": "pending", "created_at": "2025-06-23T10:07:20.889Z"}}, {"model": "megamall.order", "pk": "a996b807-93d9-4bc8-b900-a638d3e39748", "fields": {"guest_user": 2, "shipping_address": 46, "payment_method": "tingg", "total_price": "560.00", "status": "pending", "created_at": "2025-07-03T14:28:11.916Z"}}, {"model": "megamall.order", "pk": "ac25d174-3380-4f55-b378-ff47c84d8c2c", "fields": {"guest_user": null, "shipping_address": 5, "payment_method": "mpesa", "total_price": "108999.00", "status": "pending", "created_at": "2025-06-17T14:10:40.859Z"}}, {"model": "megamall.order", "pk": "aff463c4-3370-4f16-9b05-199e4c795687", "fields": {"guest_user": 2, "shipping_address": 25, "payment_method": "mpesa", "total_price": "560.00", "status": "pending", "created_at": "2025-06-23T12:14:47.625Z"}}, {"model": "megamall.order", "pk": "b06286b0-4d2f-43cd-b19e-f9874ac28a46", "fields": {"guest_user": 2, "shipping_address": 37, "payment_method": "tingg", "total_price": "126599.00", "status": "pending", "created_at": "2025-06-24T11:15:31.737Z"}}, {"model": "megamall.order", "pk": "b4900508-7cc4-4862-b69e-86b3642db1fe", "fields": {"guest_user": 2, "shipping_address": 60, "payment_method": "mpesa", "total_price": "560.00", "status": "pending", "created_at": "2025-07-21T11:13:02.933Z"}}, {"model": "megamall.order", "pk": "b4a9b7d8-4f6f-4e13-8608-02f70ddf6a9e", "fields": {"guest_user": 2, "shipping_address": 19, "payment_method": "mpesa", "total_price": "108999.00", "status": "pending", "created_at": "2025-06-23T10:24:07.004Z"}}, {"model": "megamall.order", "pk": "b8ab220a-83f7-44bd-820b-86c090e8f175", "fields": {"guest_user": 2, "shipping_address": 24, "payment_method": "mpesa", "total_price": "560.00", "status": "pending", "created_at": "2025-06-23T10:30:46.121Z"}}, {"model": "megamall.order", "pk": "b91bff92-c2fb-4ac1-9a4e-e4187e9e8232", "fields": {"guest_user": 2, "shipping_address": 50, "payment_method": "mpesa", "total_price": "5600.00", "status": "pending", "created_at": "2025-07-21T09:34:45.667Z"}}, {"model": "megamall.order", "pk": "bb4f8774-a372-435d-960a-5bbc59100792", "fields": {"guest_user": 2, "shipping_address": 27, "payment_method": "tingg", "total_price": "108999.00", "status": "pending", "created_at": "2025-06-23T13:07:05.706Z"}}, {"model": "megamall.order", "pk": "c42e6111-d64a-4fac-95e1-a6d9c82ca0af", "fields": {"guest_user": null, "shipping_address": 13, "payment_method": "mpesa", "total_price": "560.00", "status": "pending", "created_at": "2025-06-23T08:43:27.778Z"}}, {"model": "megamall.order", "pk": "c5d1f82a-b125-454c-9d4d-ddd995a45878", "fields": {"guest_user": 2, "shipping_address": 61, "payment_method": "mpesa", "total_price": "560.00", "status": "pending", "created_at": "2025-07-21T11:21:33.186Z"}}, {"model": "megamall.order", "pk": "c6a0fefd-3ecb-4358-975f-43c3f867c671", "fields": {"guest_user": 2, "shipping_address": 33, "payment_method": "tingg", "total_price": "5600.00", "status": "pending", "created_at": "2025-06-23T15:44:37.176Z"}}, {"model": "megamall.order", "pk": "c728e769-d1e7-43e0-8f38-f9aefff3e430", "fields": {"guest_user": 2, "shipping_address": 52, "payment_method": "mpesa", "total_price": "5600.00", "status": "pending", "created_at": "2025-07-21T10:18:19.576Z"}}, {"model": "megamall.order", "pk": "c8b59da1-3e28-4b8d-86c6-45aa87cfb947", "fields": {"guest_user": 2, "shipping_address": 56, "payment_method": "mpesa", "total_price": "560.00", "status": "pending", "created_at": "2025-07-21T10:47:22.588Z"}}, {"model": "megamall.order", "pk": "cb57fab6-abb1-4b6a-941c-a9ed8d613db7", "fields": {"guest_user": 2, "shipping_address": 38, "payment_method": "mpesa", "total_price": "560.00", "status": "pending", "created_at": "2025-07-01T12:25:51.248Z"}}, {"model": "megamall.order", "pk": "d5ae5bd4-89a2-4ec7-86c6-caddfd0f13d4", "fields": {"guest_user": 2, "shipping_address": 28, "payment_method": "mpesa", "total_price": "5600.00", "status": "pending", "created_at": "2025-06-23T13:40:13.817Z"}}, {"model": "megamall.order", "pk": "d9240bd6-6804-4428-9a8e-c8def7ec019a", "fields": {"guest_user": null, "shipping_address": 14, "payment_method": "mpesa", "total_price": "108999.00", "status": "pending", "created_at": "2025-06-23T08:52:12.664Z"}}, {"model": "megamall.order", "pk": "db3d87fd-9e64-4df7-8ae8-740b3bad1c9f", "fields": {"guest_user": null, "shipping_address": 7, "payment_method": "mpesa", "total_price": "108999.00", "status": "pending", "created_at": "2025-06-18T13:10:18.791Z"}}, {"model": "megamall.order", "pk": "e2317e94-ab54-458b-b7d4-e35382f12dc6", "fields": {"guest_user": 2, "shipping_address": 20, "payment_method": "mpesa", "total_price": "108999.00", "status": "pending", "created_at": "2025-06-23T10:26:39.418Z"}}, {"model": "megamall.order", "pk": "f2cd6f70-53ce-4062-b507-4e770e458572", "fields": {"guest_user": 2, "shipping_address": 44, "payment_method": "mpesa", "total_price": "5600.00", "status": "pending", "created_at": "2025-07-03T14:10:43.516Z"}}, {"model": "megamall.order", "pk": "f8a399d1-a9cc-4c9c-b7cd-6c789f41b3fd", "fields": {"guest_user": null, "shipping_address": 2, "payment_method": "mpesa", "total_price": "3400.00", "status": "pending", "created_at": "2025-06-17T14:09:57.811Z"}}, {"model": "megamall.order", "pk": "f9801a9a-d521-41e4-8005-de8ce123d39c", "fields": {"guest_user": 2, "shipping_address": 16, "payment_method": "tingg", "total_price": "560.00", "status": "pending", "created_at": "2025-06-23T09:57:43.834Z"}}, {"model": "megamall.orderitem", "pk": 1, "fields": {"order": "25897126-259c-4858-b03c-79eae9a289e1", "product": 4, "quantity": 1, "price": "3400.00"}}, {"model": "megamall.orderitem", "pk": 2, "fields": {"order": "f8a399d1-a9cc-4c9c-b7cd-6c789f41b3fd", "product": 4, "quantity": 1, "price": "3400.00"}}, {"model": "megamall.orderitem", "pk": 3, "fields": {"order": "7db338f5-f98a-402f-ab07-b538927865c6", "product": 4, "quantity": 1, "price": "3400.00"}}, {"model": "megamall.orderitem", "pk": 4, "fields": {"order": "4ed0c613-5dd6-477d-8bbb-7364622414ae", "product": 4, "quantity": 1, "price": "3400.00"}}, {"model": "megamall.orderitem", "pk": 5, "fields": {"order": "ac25d174-3380-4f55-b378-ff47c84d8c2c", "product": 3, "quantity": 1, "price": "108999.00"}}, {"model": "megamall.orderitem", "pk": 6, "fields": {"order": "4a14f8f0-162e-4671-8a82-1c9536a019c2", "product": 3, "quantity": 1, "price": "108999.00"}}, {"model": "megamall.orderitem", "pk": 7, "fields": {"order": "db3d87fd-9e64-4df7-8ae8-740b3bad1c9f", "product": 3, "quantity": 1, "price": "108999.00"}}, {"model": "megamall.orderitem", "pk": 8, "fields": {"order": "0edb8553-d8cc-4f01-a46d-fc77a7b4f331", "product": 1, "quantity": 1, "price": "5600.00"}}, {"model": "megamall.orderitem", "pk": 9, "fields": {"order": "5fc2ca1c-821d-4c69-8a5b-d7e0bed3cecb", "product": 2, "quantity": 1, "price": "560.00"}}, {"model": "megamall.orderitem", "pk": 10, "fields": {"order": "178af926-be29-429d-8010-d4e002312191", "product": 3, "quantity": 1, "price": "108999.00"}}, {"model": "megamall.orderitem", "pk": 11, "fields": {"order": "3a487a88-9906-46f0-97b2-6a821d3701e4", "product": 4, "quantity": 1, "price": "3400.00"}}, {"model": "megamall.orderitem", "pk": 12, "fields": {"order": "177c32bb-d13f-4051-99f5-56d9000ba956", "product": 2, "quantity": 1, "price": "560.00"}}, {"model": "megamall.orderitem", "pk": 13, "fields": {"order": "c42e6111-d64a-4fac-95e1-a6d9c82ca0af", "product": 2, "quantity": 1, "price": "560.00"}}, {"model": "megamall.orderitem", "pk": 14, "fields": {"order": "d9240bd6-6804-4428-9a8e-c8def7ec019a", "product": 3, "quantity": 1, "price": "108999.00"}}, {"model": "megamall.orderitem", "pk": 15, "fields": {"order": "701512fc-4fff-4ab8-bde4-99176ea47e98", "product": 2, "quantity": 1, "price": "560.00"}}, {"model": "megamall.orderitem", "pk": 16, "fields": {"order": "f9801a9a-d521-41e4-8005-de8ce123d39c", "product": 2, "quantity": 1, "price": "560.00"}}, {"model": "megamall.orderitem", "pk": 17, "fields": {"order": "a6934662-5d94-48e3-96f9-3afab6feb0d8", "product": 2, "quantity": 1, "price": "560.00"}}, {"model": "megamall.orderitem", "pk": 18, "fields": {"order": "733db9ad-53bf-4f66-9dc0-47a3448f0adb", "product": 3, "quantity": 1, "price": "108999.00"}}, {"model": "megamall.orderitem", "pk": 19, "fields": {"order": "b4a9b7d8-4f6f-4e13-8608-02f70ddf6a9e", "product": 3, "quantity": 1, "price": "108999.00"}}, {"model": "megamall.orderitem", "pk": 20, "fields": {"order": "e2317e94-ab54-458b-b7d4-e35382f12dc6", "product": 3, "quantity": 1, "price": "108999.00"}}, {"model": "megamall.orderitem", "pk": 21, "fields": {"order": "1ccaf026-d93a-4e57-b12b-f6ba7182520e", "product": 3, "quantity": 1, "price": "108999.00"}}, {"model": "megamall.orderitem", "pk": 22, "fields": {"order": "94892f46-1c13-49a6-b6a4-bdee154c530d", "product": 4, "quantity": 1, "price": "3400.00"}}, {"model": "megamall.orderitem", "pk": 23, "fields": {"order": "5282fc94-0621-4d42-b8ae-b0b0949c8aa0", "product": 4, "quantity": 1, "price": "3400.00"}}, {"model": "megamall.orderitem", "pk": 24, "fields": {"order": "b8ab220a-83f7-44bd-820b-86c090e8f175", "product": 2, "quantity": 1, "price": "560.00"}}, {"model": "megamall.orderitem", "pk": 25, "fields": {"order": "aff463c4-3370-4f16-9b05-199e4c795687", "product": 2, "quantity": 1, "price": "560.00"}}, {"model": "megamall.orderitem", "pk": 26, "fields": {"order": "6adf8a55-fe5a-43ad-bf8c-319f6a51d3be", "product": 2, "quantity": 1, "price": "560.00"}}, {"model": "megamall.orderitem", "pk": 27, "fields": {"order": "bb4f8774-a372-435d-960a-5bbc59100792", "product": 3, "quantity": 1, "price": "108999.00"}}, {"model": "megamall.orderitem", "pk": 28, "fields": {"order": "d5ae5bd4-89a2-4ec7-86c6-caddfd0f13d4", "product": 1, "quantity": 1, "price": "5600.00"}}, {"model": "megamall.orderitem", "pk": 29, "fields": {"order": "1958e7dc-1870-4715-a113-c7bb26e76087", "product": 3, "quantity": 1, "price": "108999.00"}}, {"model": "megamall.orderitem", "pk": 30, "fields": {"order": "2154b007-ff37-4b4d-8c07-97d12a76bf5a", "product": 2, "quantity": 1, "price": "560.00"}}, {"model": "megamall.orderitem", "pk": 31, "fields": {"order": "63e9bc27-0466-4830-99f0-2f4d85acd407", "product": 3, "quantity": 1, "price": "108999.00"}}, {"model": "megamall.orderitem", "pk": 32, "fields": {"order": "24a6f955-7a07-40e9-b5eb-51771277537b", "product": 2, "quantity": 1, "price": "560.00"}}, {"model": "megamall.orderitem", "pk": 33, "fields": {"order": "c6a0fefd-3ecb-4358-975f-43c3f867c671", "product": 1, "quantity": 1, "price": "5600.00"}}, {"model": "megamall.orderitem", "pk": 34, "fields": {"order": "86ba8c45-c7a5-4047-9a11-166bef0b5571", "product": 3, "quantity": 1, "price": "108999.00"}}, {"model": "megamall.orderitem", "pk": 35, "fields": {"order": "86ba8c45-c7a5-4047-9a11-166bef0b5571", "product": 9, "quantity": 1, "price": "2500.00"}}, {"model": "megamall.orderitem", "pk": 36, "fields": {"order": "611d155b-a5cd-4fda-98de-d45cbbb4a5e4", "product": 6, "quantity": 1, "price": "5500.00"}}, {"model": "megamall.orderitem", "pk": 37, "fields": {"order": "611d155b-a5cd-4fda-98de-d45cbbb4a5e4", "product": 8, "quantity": 1, "price": "1290.00"}}, {"model": "megamall.orderitem", "pk": 38, "fields": {"order": "11a9bd83-8ea2-4bf6-849b-9415c5b8b7b2", "product": 2, "quantity": 1, "price": "560.00"}}, {"model": "megamall.orderitem", "pk": 39, "fields": {"order": "11a9bd83-8ea2-4bf6-849b-9415c5b8b7b2", "product": 8, "quantity": 1, "price": "1290.00"}}, {"model": "megamall.orderitem", "pk": 40, "fields": {"order": "11a9bd83-8ea2-4bf6-849b-9415c5b8b7b2", "product": 3, "quantity": 1, "price": "108999.00"}}, {"model": "megamall.orderitem", "pk": 41, "fields": {"order": "b06286b0-4d2f-43cd-b19e-f9874ac28a46", "product": 1, "quantity": 1, "price": "5600.00"}}, {"model": "megamall.orderitem", "pk": 42, "fields": {"order": "b06286b0-4d2f-43cd-b19e-f9874ac28a46", "product": 3, "quantity": 1, "price": "108999.00"}}, {"model": "megamall.orderitem", "pk": 43, "fields": {"order": "b06286b0-4d2f-43cd-b19e-f9874ac28a46", "product": 10, "quantity": 1, "price": "12000.00"}}, {"model": "megamall.orderitem", "pk": 44, "fields": {"order": "cb57fab6-abb1-4b6a-941c-a9ed8d613db7", "product": 2, "quantity": 1, "price": "560.00"}}, {"model": "megamall.orderitem", "pk": 45, "fields": {"order": "19ae53b2-e866-43cb-8359-5c83b891ddc2", "product": 2, "quantity": 1, "price": "560.00"}}, {"model": "megamall.orderitem", "pk": 46, "fields": {"order": "9419b0cc-74fc-4ce0-aa51-6762e20d2279", "product": 6, "quantity": 1, "price": "5500.00"}}, {"model": "megamall.orderitem", "pk": 47, "fields": {"order": "14936079-792f-4ab9-8bd1-d1704bac175c", "product": 1, "quantity": 2, "price": "5600.00"}}, {"model": "megamall.orderitem", "pk": 48, "fields": {"order": "a3ec65aa-40cf-43f0-9992-3e5e3f3390ca", "product": 1, "quantity": 1, "price": "5600.00"}}, {"model": "megamall.orderitem", "pk": 49, "fields": {"order": "2aaec6a4-f23f-48e9-bdd4-7975b4233e27", "product": 1, "quantity": 1, "price": "5600.00"}}, {"model": "megamall.orderitem", "pk": 50, "fields": {"order": "f2cd6f70-53ce-4062-b507-4e770e458572", "product": 1, "quantity": 1, "price": "5600.00"}}, {"model": "megamall.orderitem", "pk": 51, "fields": {"order": "1b8679f7-dce4-4226-8a65-d857490ecce4", "product": 1, "quantity": 1, "price": "5600.00"}}, {"model": "megamall.orderitem", "pk": 52, "fields": {"order": "a996b807-93d9-4bc8-b900-a638d3e39748", "product": 2, "quantity": 1, "price": "560.00"}}, {"model": "megamall.orderitem", "pk": 53, "fields": {"order": "2fa8f3e3-abcc-4c2f-a85a-81aa119c07e2", "product": 2, "quantity": 1, "price": "560.00"}}, {"model": "megamall.orderitem", "pk": 54, "fields": {"order": "96a6b6b0-d14a-4204-86c0-e0b4c9452764", "product": 1, "quantity": 2, "price": "5600.00"}}, {"model": "megamall.orderitem", "pk": 55, "fields": {"order": "92f006bd-c43e-4e53-b9e3-e08b36c63620", "product": 1, "quantity": 2, "price": "5600.00"}}, {"model": "megamall.orderitem", "pk": 56, "fields": {"order": "b91bff92-c2fb-4ac1-9a4e-e4187e9e8232", "product": 1, "quantity": 1, "price": "5600.00"}}, {"model": "megamall.orderitem", "pk": 57, "fields": {"order": "88399287-49d7-46a4-8783-ac218fd06020", "product": 2, "quantity": 1, "price": "560.00"}}, {"model": "megamall.orderitem", "pk": 58, "fields": {"order": "c728e769-d1e7-43e0-8f38-f9aefff3e430", "product": 1, "quantity": 1, "price": "5600.00"}}, {"model": "megamall.orderitem", "pk": 59, "fields": {"order": "37004f8d-5328-4913-910b-6ca122c56627", "product": 1, "quantity": 1, "price": "5600.00"}}, {"model": "megamall.orderitem", "pk": 60, "fields": {"order": "67cea4dd-d35b-4fca-9a0b-f67dd8c9ffa1", "product": 2, "quantity": 1, "price": "560.00"}}, {"model": "megamall.orderitem", "pk": 61, "fields": {"order": "94a44e04-28c6-4e9d-88da-3ac7ee57e645", "product": 3, "quantity": 1, "price": "108999.00"}}, {"model": "megamall.orderitem", "pk": 62, "fields": {"order": "c8b59da1-3e28-4b8d-86c6-45aa87cfb947", "product": 2, "quantity": 1, "price": "560.00"}}, {"model": "megamall.orderitem", "pk": 63, "fields": {"order": "7a2fbf28-b219-4ce9-8021-a506e8a3e070", "product": 6, "quantity": 1, "price": "5500.00"}}, {"model": "megamall.orderitem", "pk": 64, "fields": {"order": "0d90542f-e92a-490c-8ed5-5961185107db", "product": 7, "quantity": 1, "price": "1700.00"}}, {"model": "megamall.orderitem", "pk": 65, "fields": {"order": "1d6bd48e-b62c-4152-a481-ab1d670c314e", "product": 1, "quantity": 1, "price": "5600.00"}}, {"model": "megamall.orderitem", "pk": 66, "fields": {"order": "b4900508-7cc4-4862-b69e-86b3642db1fe", "product": 2, "quantity": 1, "price": "560.00"}}, {"model": "megamall.orderitem", "pk": 67, "fields": {"order": "c5d1f82a-b125-454c-9d4d-ddd995a45878", "product": 2, "quantity": 1, "price": "560.00"}}, {"model": "megamall.orderitem", "pk": 68, "fields": {"order": "6092216b-baa6-4674-a51b-c49b97366b62", "product": 1, "quantity": 1, "price": "5600.00"}}, {"model": "megamall.orderitem", "pk": 69, "fields": {"order": "79d84f67-c474-4dab-805c-26b8ac5371fb", "product": 1, "quantity": 1, "price": "5600.00"}}, {"model": "megamall.orderitem", "pk": 70, "fields": {"order": "9614eb2e-0c65-424e-85e9-5ca1851d475f", "product": 3, "quantity": 5, "price": "108999.00"}}, {"model": "megamall.hireitem", "pk": 1, "fields": {"name": "Excavators", "image": "hire_items/excavator.jpg", "details": "", "hire_price_per_hour": "8500.00", "hire_price_per_day": "64000.00"}}, {"model": "megamall.hireitem", "pk": 2, "fields": {"name": "Wheel Loader", "image": "hire_items/wheelloader.jpg", "details": "", "hire_price_per_hour": "7000.00", "hire_price_per_day": "58000.00"}}, {"model": "megamall.hireitem", "pk": 3, "fields": {"name": "Roller", "image": "hire_items/BW213-Bomag-3-Achelis-Kenya.jpg", "details": "", "hire_price_per_hour": "4500.00", "hire_price_per_day": "50000.00"}}, {"model": "megamall.hireitem", "pk": 4, "fields": {"name": "Motor Grader", "image": "hire_items/motor-grade-1024x683.jpg", "details": "", "hire_price_per_hour": "9000.00", "hire_price_per_day": "75000.00"}}, {"model": "megamall.courierorder", "pk": 1, "fields": {"parcel_action": "send", "from_address": "kjhvlgv", "to_address": "kgjhfvug", "selected_item": "small_luggage", "item_price": 300, "item_type": "Small Luggage (under 5kg)", "order_type": "send", "delivery_fee": 200, "total": 500, "payment_method": "mpesa", "contact_name": "mgvk", "contact_phone": "kgvl", "notes": "kjhblk", "recipient_name": null, "recipient_phone": null, "delivery_location": null, "created_at": "2025-07-01T11:58:05.991Z"}}, {"model": "megamall.courierorder", "pk": 2, "fields": {"parcel_action": "send", "from_address": "kjhvlgv", "to_address": "kgjhfvug", "selected_item": "small_luggage", "item_price": 300, "item_type": "Small Luggage (under 5kg)", "order_type": "send", "delivery_fee": 200, "total": 500, "payment_method": "mpesa", "contact_name": "mgvk", "contact_phone": "kgvl", "notes": "kjhblk", "recipient_name": null, "recipient_phone": null, "delivery_location": null, "created_at": "2025-07-01T12:14:12.782Z"}}, {"model": "megamall.courierorder", "pk": 3, "fields": {"parcel_action": "send", "from_address": "kjhvlgv", "to_address": "kgjhfvug", "selected_item": "small_luggage", "item_price": 300, "item_type": null, "order_type": "send", "delivery_fee": 200, "total": 500, "payment_method": "mpesa", "contact_name": "mgvk", "contact_phone": "kgvl", "notes": "kjhblk", "recipient_name": null, "recipient_phone": null, "delivery_location": null, "created_at": "2025-07-01T12:17:42.954Z"}}, {"model": "megamall.courierorder", "pk": 4, "fields": {"parcel_action": "send", "from_address": "hgfvkg", "to_address": "jhgfcvkug,", "selected_item": "small_luggage", "item_price": 300, "item_type": null, "order_type": "send", "delivery_fee": 200, "total": 500, "payment_method": "mpesa", "contact_name": "jyfdckyh", "contact_phone": "gkv", "notes": "jhgvk", "recipient_name": null, "recipient_phone": null, "delivery_location": null, "created_at": "2025-07-01T12:21:57.294Z"}}, {"model": "megamall.courierorder", "pk": 5, "fields": {"parcel_action": "send", "from_address": "afgr", "to_address": "safdv", "selected_item": "small_luggage", "item_price": 300, "item_type": null, "order_type": "send", "delivery_fee": 200, "total": 500, "payment_method": "mpesa", "contact_name": "sdfv", "contact_phone": "SDVf", "notes": "sVzfrg", "recipient_name": null, "recipient_phone": null, "delivery_location": null, "created_at": "2025-07-01T12:24:38.360Z"}}, {"model": "megamall.courierorder", "pk": 6, "fields": {"parcel_action": "send", "from_address": "CBVGF", "to_address": "DVZF", "selected_item": "small_luggage", "item_price": 300, "item_type": null, "order_type": "send", "delivery_fee": 200, "total": 500, "payment_method": "cash", "contact_name": "ZVfs", "contact_phone": "VSVCf", "notes": "sVGdsef", "recipient_name": null, "recipient_phone": null, "delivery_location": null, "created_at": "2025-07-01T12:32:15.002Z"}}, {"model": "megamall.courierorder", "pk": 7, "fields": {"parcel_action": "send", "from_address": "CBVGF", "to_address": "DVZF", "selected_item": "small_luggage", "item_price": 300, "item_type": null, "order_type": "send", "delivery_fee": 200, "total": 500, "payment_method": "cash", "contact_name": "ZVfs", "contact_phone": "VSVCf", "notes": "sVGdsef", "recipient_name": null, "recipient_phone": null, "delivery_location": null, "created_at": "2025-07-01T12:37:19.032Z"}}, {"model": "megamall.courierorder", "pk": 8, "fields": {"parcel_action": "send", "from_address": "fgsdf", "to_address": "adsfvga", "selected_item": "documents", "item_price": 200, "item_type": null, "order_type": "send", "delivery_fee": 200, "total": 400, "payment_method": "mpesa", "contact_name": "szdvfd", "contact_phone": "dszfv", "notes": "dsVfgb", "recipient_name": null, "recipient_phone": null, "delivery_location": null, "created_at": "2025-07-01T12:38:51.305Z"}}, {"model": "megamall.courierorder", "pk": 9, "fields": {"parcel_action": "receive", "from_address": null, "to_address": null, "selected_item": null, "item_price": null, "item_type": null, "order_type": "receive", "delivery_fee": null, "total": null, "payment_method": "mpesa", "contact_name": "xhbtg", "contact_phone": "xhthg", "notes": "hbxdtg", "recipient_name": "zfbd", "recipient_phone": "zrhgz", "delivery_location": "zhgdx", "created_at": "2025-07-03T14:17:42.037Z"}}, {"model": "megamall.courierorder", "pk": 10, "fields": {"parcel_action": "send", "from_address": "mjghvljh", "to_address": "jgfvlh", "selected_item": "small_luggage", "item_price": 300, "item_type": null, "order_type": "send", "delivery_fee": 200, "total": 500, "payment_method": "mpesa", "contact_name": "xhbtg", "contact_phone": "xhthg", "notes": "hbxdtg", "recipient_name": null, "recipient_phone": null, "delivery_location": null, "created_at": "2025-07-03T14:19:03.153Z"}}, {"model": "megamall.courierorder", "pk": 11, "fields": {"parcel_action": "send", "from_address": ",jhgb;klb", "to_address": "lkb;kjn", "selected_item": "large_luggage", "item_price": 500, "item_type": null, "order_type": "send", "delivery_fee": 200, "total": 700, "payment_method": "mpesa", "contact_name": "lkjhb;kj", "contact_phone": ",hjbvlnm", "notes": "jkhgblkb", "recipient_name": null, "recipient_phone": null, "delivery_location": null, "created_at": "2025-07-03T14:29:44.785Z"}}]